x-axis,1,3
second,Volt,Ampere
-10.000000E+00,,
-9.992188E+00,+9.472754E+00,+273.915E-03
-9.984375E+00,+9.485317E+00,+273.915E-03
-9.976563E+00,+9.485317E+00,+273.915E-03
-9.968750E+00,+9.485317E+00,+273.915E-03
-9.960938E+00,+9.485317E+00,+273.915E-03
-9.953125E+00,+9.485317E+00,+273.915E-03
-9.945313E+00,+9.485317E+00,+273.915E-03
-9.937500E+00,+9.485317E+00,+273.915E-03
-9.929688E+00,+9.485317E+00,+273.915E-03
-9.921875E+00,+9.485317E+00,+273.915E-03
-9.914063E+00,+9.485317E+00,+273.915E-03
-9.906250E+00,+9.485317E+00,+273.915E-03
-9.898438E+00,+9.485317E+00,+273.915E-03
-9.890625E+00,+9.485317E+00,+273.915E-03
-9.882813E+00,+9.485317E+00,+273.915E-03
-9.875000E+00,+9.485317E+00,+273.915E-03
-9.867188E+00,+9.485317E+00,+273.915E-03
-9.859375E+00,+9.485317E+00,+273.915E-03
-9.851563E+00,+9.485317E+00,+273.664E-03
-9.843750E+00,+9.485317E+00,+273.915E-03
-9.835938E+00,+9.485317E+00,+273.915E-03
-9.828125E+00,+9.485317E+00,+273.915E-03
-9.820313E+00,+9.485317E+00,+273.915E-03
-9.812500E+00,+9.497880E+00,+273.915E-03
-9.804688E+00,+9.485317E+00,+273.915E-03
-9.796875E+00,+9.485317E+00,+273.915E-03
-9.789063E+00,+9.485317E+00,+273.915E-03
-9.781250E+00,+9.485317E+00,+273.915E-03
-9.773438E+00,+9.485317E+00,+273.915E-03
-9.765625E+00,+9.485317E+00,+273.915E-03
-9.757813E+00,+9.485317E+00,+273.915E-03
-9.750000E+00,+9.485317E+00,+273.915E-03
-9.742188E+00,+9.485317E+00,+273.915E-03
-9.734375E+00,+9.485317E+00,+273.915E-03
-9.726563E+00,+9.485317E+00,+273.915E-03
-9.718750E+00,+9.485317E+00,+273.915E-03
-9.710938E+00,+9.485317E+00,+273.664E-03
-9.703125E+00,+9.485317E+00,+273.664E-03
-9.695313E+00,+9.485317E+00,+273.915E-03
-9.687500E+00,+9.485317E+00,+273.915E-03
-9.679688E+00,+9.485317E+00,+273.915E-03
-9.671875E+00,+9.485317E+00,+273.915E-03
-9.664063E+00,+9.485317E+00,+273.915E-03
-9.656250E+00,+9.485317E+00,+273.915E-03
-9.648438E+00,+9.485317E+00,+273.915E-03
-9.640625E+00,+9.485317E+00,+273.915E-03
-9.632813E+00,+9.485317E+00,+273.915E-03
-9.625000E+00,+9.485317E+00,+273.915E-03
-9.617188E+00,+9.485317E+00,+273.915E-03
-9.609375E+00,+9.485317E+00,+273.915E-03
-9.601563E+00,+9.485317E+00,+273.915E-03
-9.593750E+00,+9.485317E+00,+273.915E-03
-9.585938E+00,+9.485317E+00,+273.915E-03
-9.578125E+00,+9.485317E+00,+273.915E-03
-9.570313E+00,+9.485317E+00,+273.915E-03
-9.562500E+00,+9.485317E+00,+273.915E-03
-9.554688E+00,+9.485317E+00,+273.915E-03
-9.546875E+00,+9.485317E+00,+273.915E-03
-9.539063E+00,+9.485317E+00,+273.915E-03
-9.531250E+00,+9.485317E+00,+273.915E-03
-9.523438E+00,+9.485317E+00,+273.915E-03
-9.515625E+00,+9.485317E+00,+273.915E-03
-9.507813E+00,+9.485317E+00,+273.915E-03
-9.500000E+00,+9.485317E+00,+273.915E-03
-9.492188E+00,+9.485317E+00,+273.915E-03
-9.484375E+00,+9.485317E+00,+273.915E-03
-9.476563E+00,+9.485317E+00,+273.915E-03
-9.468750E+00,+9.485317E+00,+273.915E-03
-9.460938E+00,+9.485317E+00,+273.915E-03
-9.453125E+00,+9.485317E+00,+273.915E-03
-9.445313E+00,+9.485317E+00,+273.915E-03
-9.437500E+00,+9.485317E+00,+273.915E-03
-9.429688E+00,+9.485317E+00,+273.915E-03
-9.421875E+00,+9.485317E+00,+273.915E-03
-9.414063E+00,+9.485317E+00,+273.915E-03
-9.406250E+00,+9.485317E+00,+273.915E-03
-9.398438E+00,+9.485317E+00,+273.915E-03
-9.390625E+00,+9.485317E+00,+273.915E-03
-9.382813E+00,+9.485317E+00,+273.915E-03
-9.375000E+00,+9.485317E+00,+273.915E-03
-9.367188E+00,+9.485317E+00,+273.915E-03
-9.359375E+00,+9.485317E+00,+273.915E-03
-9.351563E+00,+9.497880E+00,+273.915E-03
-9.343750E+00,+9.497880E+00,+273.915E-03
-9.335938E+00,+9.485317E+00,+273.915E-03
-9.328125E+00,+9.485317E+00,+273.915E-03
-9.320313E+00,+9.485317E+00,+273.915E-03
-9.312500E+00,+9.485317E+00,+273.915E-03
-9.304688E+00,+9.485317E+00,+273.915E-03
-9.296875E+00,+9.485317E+00,+273.915E-03
-9.289063E+00,+9.485317E+00,+273.915E-03
-9.281250E+00,+9.485317E+00,+273.915E-03
-9.273438E+00,+9.485317E+00,+273.915E-03
-9.265625E+00,+9.485317E+00,+273.915E-03
-9.257813E+00,+9.485317E+00,+273.915E-03
-9.250000E+00,+9.485317E+00,+273.915E-03
-9.242188E+00,+9.485317E+00,+273.915E-03
-9.234375E+00,+9.497880E+00,+273.915E-03
-9.226563E+00,+9.485317E+00,+273.915E-03
-9.218750E+00,+9.485317E+00,+273.915E-03
-9.210938E+00,+9.497880E+00,+273.664E-03
-9.203125E+00,+9.585820E+00,+278.940E-03
-9.195313E+00,+9.661197E+00,+278.437E-03
-9.187500E+00,+9.648634E+00,+277.935E-03
-9.179688E+00,+9.636071E+00,+277.432E-03
-9.171875E+00,+9.636071E+00,+277.181E-03
-9.164063E+00,+9.636071E+00,+276.930E-03
-9.156250E+00,+9.636071E+00,+276.930E-03
-9.148438E+00,+9.636071E+00,+276.930E-03
-9.140625E+00,+9.636071E+00,+276.679E-03
-9.132813E+00,+9.636071E+00,+276.679E-03
-9.125000E+00,+9.623508E+00,+276.679E-03
-9.117188E+00,+9.623508E+00,+276.679E-03
-9.109375E+00,+9.636071E+00,+276.679E-03
-9.101563E+00,+9.636071E+00,+276.679E-03
-9.093750E+00,+9.623508E+00,+276.679E-03
-9.085938E+00,+9.623508E+00,+276.679E-03
-9.078125E+00,+9.623508E+00,+276.679E-03
-9.070313E+00,+9.636071E+00,+276.679E-03
-9.062500E+00,+9.636071E+00,+276.679E-03
-9.054688E+00,+9.636071E+00,+276.679E-03
-9.046875E+00,+9.636071E+00,+276.679E-03
-9.039063E+00,+9.636071E+00,+276.679E-03
-9.031250E+00,+9.636071E+00,+276.679E-03
-9.023438E+00,+9.636071E+00,+276.679E-03
-9.015625E+00,+9.636071E+00,+276.679E-03
-9.007813E+00,+9.623508E+00,+276.679E-03
-9.000000E+00,+9.636071E+00,+276.679E-03
-8.992188E+00,+9.623508E+00,+276.679E-03
-8.984375E+00,+9.623508E+00,+276.679E-03
-8.976563E+00,+9.636071E+00,+276.679E-03
-8.968750E+00,+9.623508E+00,+276.679E-03
-8.960938E+00,+9.623508E+00,+276.679E-03
-8.953125E+00,+9.623508E+00,+276.679E-03
-8.945313E+00,+9.623508E+00,+276.679E-03
-8.937500E+00,+9.623508E+00,+276.679E-03
-8.929688E+00,+9.623508E+00,+276.679E-03
-8.921875E+00,+9.636071E+00,+276.679E-03
-8.914063E+00,+9.636071E+00,+276.679E-03
-8.906250E+00,+9.623508E+00,+276.679E-03
-8.898438E+00,+9.623508E+00,+276.679E-03
-8.890625E+00,+9.623508E+00,+276.679E-03
-8.882813E+00,+9.623508E+00,+276.679E-03
-8.875000E+00,+9.623508E+00,+276.679E-03
-8.867188E+00,+9.636071E+00,+276.679E-03
-8.859375E+00,+9.636071E+00,+276.679E-03
-8.851563E+00,+9.636071E+00,+276.679E-03
-8.843750E+00,+9.623508E+00,+276.679E-03
-8.835938E+00,+9.623508E+00,+276.679E-03
-8.828125E+00,+9.623508E+00,+276.679E-03
-8.820313E+00,+9.623508E+00,+276.679E-03
-8.812500E+00,+9.623508E+00,+276.679E-03
-8.804688E+00,+9.623508E+00,+276.679E-03
-8.796875E+00,+9.636071E+00,+276.679E-03
-8.789063E+00,+9.636071E+00,+276.679E-03
-8.781250E+00,+9.636071E+00,+276.679E-03
-8.773438E+00,+9.636071E+00,+276.679E-03
-8.765625E+00,+9.623508E+00,+276.679E-03
-8.757813E+00,+9.636071E+00,+276.679E-03
-8.750000E+00,+9.623508E+00,+276.679E-03
-8.742188E+00,+9.636071E+00,+276.679E-03
-8.734375E+00,+9.636071E+00,+276.679E-03
-8.726563E+00,+9.623508E+00,+276.679E-03
-8.718750E+00,+9.623508E+00,+276.679E-03
-8.710938E+00,+9.636071E+00,+276.679E-03
-8.703125E+00,+9.636071E+00,+276.679E-03
-8.695313E+00,+9.623508E+00,+276.679E-03
-8.687500E+00,+9.636071E+00,+276.679E-03
-8.679688E+00,+9.623508E+00,+276.679E-03
-8.671875E+00,+9.623508E+00,+276.679E-03
-8.664063E+00,+9.623508E+00,+276.679E-03
-8.656250E+00,+9.623508E+00,+276.679E-03
-8.648438E+00,+9.623508E+00,+276.679E-03
-8.640625E+00,+9.623508E+00,+276.679E-03
-8.632813E+00,+9.636071E+00,+276.679E-03
-8.625000E+00,+9.623508E+00,+276.679E-03
-8.617188E+00,+9.623508E+00,+276.679E-03
-8.609375E+00,+9.636071E+00,+276.679E-03
-8.601563E+00,+9.636071E+00,+276.679E-03
-8.593750E+00,+9.636071E+00,+276.679E-03
-8.585938E+00,+9.636071E+00,+276.679E-03
-8.578125E+00,+9.636071E+00,+276.679E-03
-8.570313E+00,+9.636071E+00,+276.679E-03
-8.562500E+00,+9.636071E+00,+276.679E-03
-8.554688E+00,+9.636071E+00,+276.679E-03
-8.546875E+00,+9.623508E+00,+276.679E-03
-8.539063E+00,+9.623508E+00,+276.679E-03
-8.531250E+00,+9.636071E+00,+276.679E-03
-8.523438E+00,+9.623508E+00,+276.679E-03
-8.515625E+00,+9.623508E+00,+276.679E-03
-8.507813E+00,+9.636071E+00,+276.679E-03
-8.500000E+00,+9.623508E+00,+276.679E-03
-8.492188E+00,+9.623508E+00,+276.679E-03
-8.484375E+00,+9.623508E+00,+276.679E-03
-8.476563E+00,+9.636071E+00,+276.679E-03
-8.468750E+00,+9.636071E+00,+276.679E-03
-8.460938E+00,+9.636071E+00,+276.679E-03
-8.453125E+00,+9.636071E+00,+276.679E-03
-8.445313E+00,+9.636071E+00,+276.679E-03
-8.437500E+00,+9.636071E+00,+276.679E-03
-8.429688E+00,+9.636071E+00,+276.679E-03
-8.421875E+00,+9.636071E+00,+276.679E-03
-8.414063E+00,+9.636071E+00,+276.679E-03
-8.406250E+00,+9.623508E+00,+276.679E-03
-8.398438E+00,+9.623508E+00,+276.679E-03
-8.390625E+00,+9.636071E+00,+276.679E-03
-8.382813E+00,+9.636071E+00,+276.679E-03
-8.375000E+00,+9.636071E+00,+276.679E-03
-8.367188E+00,+9.623508E+00,+276.679E-03
-8.359375E+00,+9.623508E+00,+276.679E-03
-8.351563E+00,+9.623508E+00,+276.679E-03
-8.343750E+00,+9.623508E+00,+276.679E-03
-8.335938E+00,+9.623508E+00,+276.679E-03
-8.328125E+00,+9.623508E+00,+276.679E-03
-8.320313E+00,+9.623508E+00,+276.679E-03
-8.312500E+00,+9.623508E+00,+276.679E-03
-8.304688E+00,+9.623508E+00,+276.679E-03
-8.296875E+00,+9.623508E+00,+276.679E-03
-8.289063E+00,+9.636071E+00,+276.679E-03
-8.281250E+00,+9.636071E+00,+276.679E-03
-8.273438E+00,+9.636071E+00,+276.679E-03
-8.265625E+00,+9.636071E+00,+276.679E-03
-8.257813E+00,+9.623508E+00,+276.679E-03
-8.250000E+00,+9.636071E+00,+276.679E-03
-8.242188E+00,+9.636071E+00,+276.679E-03
-8.234375E+00,+9.636071E+00,+276.679E-03
-8.226563E+00,+9.623508E+00,+276.679E-03
-8.218750E+00,+9.623508E+00,+276.679E-03
-8.210938E+00,+9.623508E+00,+276.679E-03
-8.203125E+00,+9.585820E+00,+273.664E-03
-8.195313E+00,+9.435066E+00,+271.151E-03
-8.187500E+00,+9.447629E+00,+272.407E-03
-8.179688E+00,+9.460192E+00,+272.910E-03
-8.171875E+00,+9.460192E+00,+273.412E-03
-8.164063E+00,+9.472754E+00,+273.664E-03
-8.156250E+00,+9.485317E+00,+273.664E-03
-8.148438E+00,+9.485317E+00,+273.664E-03
-8.140625E+00,+9.485317E+00,+273.664E-03
-8.132813E+00,+9.485317E+00,+273.664E-03
-8.125000E+00,+9.485317E+00,+273.664E-03
-8.117188E+00,+9.485317E+00,+273.664E-03
-8.109375E+00,+9.485317E+00,+273.664E-03
-8.101563E+00,+9.485317E+00,+273.915E-03
-8.093750E+00,+9.485317E+00,+273.915E-03
-8.085938E+00,+9.485317E+00,+273.915E-03
-8.078125E+00,+9.485317E+00,+273.664E-03
-8.070313E+00,+9.485317E+00,+273.664E-03
-8.062500E+00,+9.485317E+00,+273.915E-03
-8.054688E+00,+9.485317E+00,+273.915E-03
-8.046875E+00,+9.485317E+00,+273.664E-03
-8.039063E+00,+9.485317E+00,+273.915E-03
-8.031250E+00,+9.485317E+00,+273.915E-03
-8.023438E+00,+9.485317E+00,+273.915E-03
-8.015625E+00,+9.485317E+00,+273.915E-03
-8.007813E+00,+9.485317E+00,+273.915E-03
-8.000000E+00,+9.485317E+00,+273.915E-03
-7.992188E+00,+9.497880E+00,+273.664E-03
-7.984375E+00,+9.485317E+00,+273.915E-03
-7.976563E+00,+9.485317E+00,+273.664E-03
-7.968750E+00,+9.485317E+00,+273.664E-03
-7.960938E+00,+9.497880E+00,+273.915E-03
-7.953125E+00,+9.485317E+00,+273.664E-03
-7.945313E+00,+9.485317E+00,+273.664E-03
-7.937500E+00,+9.485317E+00,+273.915E-03
-7.929688E+00,+9.497880E+00,+273.915E-03
-7.921875E+00,+9.485317E+00,+273.915E-03
-7.914063E+00,+9.485317E+00,+273.915E-03
-7.906250E+00,+9.485317E+00,+273.664E-03
-7.898438E+00,+9.485317E+00,+273.915E-03
-7.890625E+00,+9.485317E+00,+273.915E-03
-7.882813E+00,+9.485317E+00,+273.664E-03
-7.875000E+00,+9.485317E+00,+273.664E-03
-7.867188E+00,+9.485317E+00,+273.664E-03
-7.859375E+00,+9.485317E+00,+273.664E-03
-7.851563E+00,+9.485317E+00,+273.915E-03
-7.843750E+00,+9.485317E+00,+273.915E-03
-7.835938E+00,+9.497880E+00,+273.915E-03
-7.828125E+00,+9.485317E+00,+273.664E-03
-7.820313E+00,+9.485317E+00,+273.915E-03
-7.812500E+00,+9.485317E+00,+273.915E-03
-7.804688E+00,+9.485317E+00,+273.915E-03
-7.796875E+00,+9.485317E+00,+273.664E-03
-7.789063E+00,+9.485317E+00,+273.915E-03
-7.781250E+00,+9.485317E+00,+273.664E-03
-7.773438E+00,+9.485317E+00,+273.664E-03
-7.765625E+00,+9.485317E+00,+273.664E-03
-7.757813E+00,+9.497880E+00,+273.915E-03
-7.750000E+00,+9.485317E+00,+273.915E-03
-7.742188E+00,+9.485317E+00,+273.915E-03
-7.734375E+00,+9.485317E+00,+273.664E-03
-7.726563E+00,+9.485317E+00,+273.664E-03
-7.718750E+00,+9.485317E+00,+273.664E-03
-7.710938E+00,+9.485317E+00,+273.915E-03
-7.703125E+00,+9.485317E+00,+273.915E-03
-7.695313E+00,+9.485317E+00,+273.915E-03
-7.687500E+00,+9.485317E+00,+273.915E-03
-7.679688E+00,+9.485317E+00,+273.915E-03
-7.671875E+00,+9.485317E+00,+273.915E-03
-7.664063E+00,+9.485317E+00,+273.915E-03
-7.656250E+00,+9.485317E+00,+273.664E-03
-7.648438E+00,+9.485317E+00,+273.664E-03
-7.640625E+00,+9.485317E+00,+273.915E-03
-7.632813E+00,+9.485317E+00,+273.915E-03
-7.625000E+00,+9.485317E+00,+273.664E-03
-7.617188E+00,+9.485317E+00,+273.664E-03
-7.609375E+00,+9.485317E+00,+273.664E-03
-7.601563E+00,+9.485317E+00,+273.664E-03
-7.593750E+00,+9.485317E+00,+273.664E-03
-7.585938E+00,+9.485317E+00,+273.664E-03
-7.578125E+00,+9.485317E+00,+273.915E-03
-7.570313E+00,+9.485317E+00,+273.664E-03
-7.562500E+00,+9.485317E+00,+273.664E-03
-7.554688E+00,+9.485317E+00,+273.664E-03
-7.546875E+00,+9.485317E+00,+273.664E-03
-7.539063E+00,+9.485317E+00,+273.664E-03
-7.531250E+00,+9.485317E+00,+273.915E-03
-7.523438E+00,+9.485317E+00,+273.915E-03
-7.515625E+00,+9.485317E+00,+273.664E-03
-7.507813E+00,+9.485317E+00,+273.664E-03
-7.500000E+00,+9.485317E+00,+273.664E-03
-7.492188E+00,+9.485317E+00,+273.664E-03
-7.484375E+00,+9.485317E+00,+273.664E-03
-7.476563E+00,+9.485317E+00,+273.915E-03
-7.468750E+00,+9.485317E+00,+273.915E-03
-7.460938E+00,+9.485317E+00,+273.915E-03
-7.453125E+00,+9.485317E+00,+273.915E-03
-7.445313E+00,+9.485317E+00,+273.915E-03
-7.437500E+00,+9.485317E+00,+273.915E-03
-7.429688E+00,+9.485317E+00,+273.915E-03
-7.421875E+00,+9.485317E+00,+273.915E-03
-7.414063E+00,+9.485317E+00,+273.915E-03
-7.406250E+00,+9.485317E+00,+273.915E-03
-7.398438E+00,+9.485317E+00,+273.915E-03
-7.390625E+00,+9.485317E+00,+273.915E-03
-7.382813E+00,+9.485317E+00,+273.915E-03
-7.375000E+00,+9.485317E+00,+273.915E-03
-7.367188E+00,+9.485317E+00,+273.915E-03
-7.359375E+00,+9.485317E+00,+273.915E-03
-7.351563E+00,+9.485317E+00,+273.915E-03
-7.343750E+00,+9.485317E+00,+273.915E-03
-7.335938E+00,+9.485317E+00,+273.915E-03
-7.328125E+00,+9.485317E+00,+273.915E-03
-7.320313E+00,+9.485317E+00,+273.915E-03
-7.312500E+00,+9.485317E+00,+273.915E-03
-7.304688E+00,+9.485317E+00,+273.915E-03
-7.296875E+00,+9.485317E+00,+273.915E-03
-7.289063E+00,+9.485317E+00,+273.915E-03
-7.281250E+00,+9.485317E+00,+273.915E-03
-7.273438E+00,+9.485317E+00,+273.915E-03
-7.265625E+00,+9.485317E+00,+273.915E-03
-7.257813E+00,+9.485317E+00,+273.915E-03
-7.250000E+00,+9.485317E+00,+273.915E-03
-7.242188E+00,+9.497880E+00,+273.915E-03
-7.234375E+00,+9.485317E+00,+273.915E-03
-7.226563E+00,+9.485317E+00,+273.915E-03
-7.218750E+00,+9.485317E+00,+273.915E-03
-7.210938E+00,+9.485317E+00,+273.915E-03
-7.203125E+00,+9.485317E+00,+274.669E-03
-7.195313E+00,+9.686322E+00,+280.950E-03
-7.187500E+00,+9.648634E+00,+278.186E-03
-7.179688E+00,+9.636071E+00,+277.684E-03
-7.171875E+00,+9.636071E+00,+277.432E-03
-7.164063E+00,+9.636071E+00,+276.930E-03
-7.156250E+00,+9.636071E+00,+276.930E-03
-7.148438E+00,+9.636071E+00,+276.930E-03
-7.140625E+00,+9.636071E+00,+276.679E-03
-7.132813E+00,+9.623508E+00,+276.679E-03
-7.125000E+00,+9.623508E+00,+276.679E-03
-7.117188E+00,+9.623508E+00,+276.679E-03
-7.109375E+00,+9.636071E+00,+276.679E-03
-7.101563E+00,+9.636071E+00,+276.679E-03
-7.093750E+00,+9.623508E+00,+276.679E-03
-7.085938E+00,+9.636071E+00,+276.679E-03
-7.078125E+00,+9.636071E+00,+276.930E-03
-7.070313E+00,+9.636071E+00,+276.930E-03
-7.062500E+00,+9.636071E+00,+276.930E-03
-7.054688E+00,+9.636071E+00,+276.930E-03
-7.046875E+00,+9.636071E+00,+276.930E-03
-7.039063E+00,+9.636071E+00,+276.930E-03
-7.031250E+00,+9.636071E+00,+276.930E-03
-7.023438E+00,+9.636071E+00,+276.930E-03
-7.015625E+00,+9.636071E+00,+276.930E-03
-7.007813E+00,+9.636071E+00,+276.930E-03
-7.000000E+00,+9.636071E+00,+276.930E-03
-6.992188E+00,+9.636071E+00,+276.930E-03
-6.984375E+00,+9.636071E+00,+276.930E-03
-6.976563E+00,+9.636071E+00,+276.930E-03
-6.968750E+00,+9.636071E+00,+276.930E-03
-6.960938E+00,+9.636071E+00,+276.930E-03
-6.953125E+00,+9.636071E+00,+276.930E-03
-6.945313E+00,+9.636071E+00,+276.930E-03
-6.937500E+00,+9.636071E+00,+276.930E-03
-6.929688E+00,+9.636071E+00,+276.930E-03
-6.921875E+00,+9.636071E+00,+277.181E-03
-6.914063E+00,+9.636071E+00,+277.181E-03
-6.906250E+00,+9.636071E+00,+277.181E-03
-6.898438E+00,+9.636071E+00,+277.432E-03
-6.890625E+00,+9.636071E+00,+277.935E-03
-6.882813E+00,+9.648634E+00,+278.689E-03
-6.875000E+00,+9.661197E+00,+279.443E-03
-6.867188E+00,+9.698885E+00,+280.448E-03
-6.859375E+00,+9.774262E+00,+281.453E-03
-6.851563E+00,+9.811950E+00,+282.709E-03
-6.843750E+00,+9.837076E+00,+283.714E-03
-6.835938E+00,+9.849639E+00,+284.970E-03
-6.828125E+00,+9.887327E+00,+286.226E-03
-6.820313E+00,+9.962704E+00,+287.231E-03
-6.812500E+00,+10.000393E+00,+288.236E-03
-6.804688E+00,+10.038081E+00,+288.990E-03
-6.796875E+00,+10.038081E+00,+289.995E-03
-6.789063E+00,+10.050644E+00,+290.749E-03
-6.781250E+00,+10.075770E+00,+291.754E-03
-6.773438E+00,+10.126021E+00,+292.759E-03
-6.765625E+00,+10.188835E+00,+293.764E-03
-6.757813E+00,+10.226523E+00,+294.769E-03
-6.750000E+00,+10.251649E+00,+295.774E-03
-6.742188E+00,+10.264212E+00,+296.779E-03
-6.734375E+00,+10.289337E+00,+297.533E-03
-6.726563E+00,+10.327026E+00,+298.035E-03
-6.718750E+00,+10.364714E+00,+298.538E-03
-6.710938E+00,+10.389840E+00,+299.041E-03
-6.703125E+00,+10.414966E+00,+299.543E-03
-6.695313E+00,+10.427528E+00,+300.046E-03
-6.687500E+00,+10.440091E+00,+300.297E-03
-6.679688E+00,+10.440091E+00,+300.799E-03
-6.671875E+00,+10.440091E+00,+301.051E-03
-6.664063E+00,+10.452654E+00,+301.553E-03
-6.656250E+00,+10.452654E+00,+302.307E-03
-6.648438E+00,+10.477780E+00,+303.061E-03
-6.640625E+00,+10.515468E+00,+304.066E-03
-6.632813E+00,+10.565719E+00,+304.819E-03
-6.625000E+00,+10.603408E+00,+305.573E-03
-6.617188E+00,+10.628533E+00,+306.327E-03
-6.609375E+00,+10.641096E+00,+307.332E-03
-6.601563E+00,+10.653659E+00,+308.086E-03
-6.593750E+00,+10.666222E+00,+309.091E-03
-6.585938E+00,+10.716473E+00,+309.845E-03
-6.578125E+00,+10.754162E+00,+310.598E-03
-6.570313E+00,+10.804413E+00,+311.603E-03
-6.562500E+00,+10.842101E+00,+312.608E-03
-6.554688E+00,+10.854664E+00,+313.613E-03
-6.546875E+00,+10.879790E+00,+314.618E-03
-6.539063E+00,+10.917478E+00,+315.372E-03
-6.531250E+00,+10.955167E+00,+316.126E-03
-6.523438E+00,+11.005418E+00,+316.880E-03
-6.515625E+00,+11.030543E+00,+317.382E-03
-6.507813E+00,+11.043106E+00,+317.885E-03
-6.500000E+00,+11.043106E+00,+318.387E-03
-6.492188E+00,+11.055669E+00,+318.890E-03
-6.484375E+00,+11.055669E+00,+319.141E-03
-6.476563E+00,+11.055669E+00,+319.141E-03
-6.468750E+00,+11.055669E+00,+319.392E-03
-6.460938E+00,+11.055669E+00,+319.392E-03
-6.453125E+00,+11.068232E+00,+319.392E-03
-6.445313E+00,+11.068232E+00,+319.392E-03
-6.437500E+00,+11.068232E+00,+319.644E-03
-6.429688E+00,+11.068232E+00,+319.644E-03
-6.421875E+00,+11.068232E+00,+319.644E-03
-6.414063E+00,+11.068232E+00,+319.644E-03
-6.406250E+00,+11.068232E+00,+319.644E-03
-6.398438E+00,+11.068232E+00,+319.644E-03
-6.390625E+00,+11.068232E+00,+319.644E-03
-6.382813E+00,+11.068232E+00,+319.644E-03
-6.375000E+00,+11.068232E+00,+319.644E-03
-6.367188E+00,+11.068232E+00,+319.644E-03
-6.359375E+00,+11.068232E+00,+319.644E-03
-6.351563E+00,+11.068232E+00,+319.644E-03
-6.343750E+00,+11.068232E+00,+319.644E-03
-6.335938E+00,+11.080795E+00,+319.895E-03
-6.328125E+00,+11.080795E+00,+319.895E-03
-6.320313E+00,+11.080795E+00,+320.146E-03
-6.312500E+00,+11.093357E+00,+320.146E-03
-6.304688E+00,+11.105920E+00,+320.397E-03
-6.296875E+00,+11.118483E+00,+320.649E-03
-6.289063E+00,+11.118483E+00,+320.900E-03
-6.281250E+00,+11.131046E+00,+321.151E-03
-6.273438E+00,+11.156172E+00,+321.654E-03
-6.265625E+00,+11.181297E+00,+321.905E-03
-6.257813E+00,+11.206423E+00,+322.156E-03
-6.250000E+00,+11.218986E+00,+322.659E-03
-6.242188E+00,+11.231548E+00,+323.161E-03
-6.234375E+00,+11.231548E+00,+323.412E-03
-6.226563E+00,+11.244111E+00,+323.664E-03
-6.218750E+00,+11.244111E+00,+323.664E-03
-6.210938E+00,+11.244111E+00,+323.915E-03
-6.203125E+00,+11.244111E+00,+323.915E-03
-6.195313E+00,+12.726523E+00,+385.221E-03
-6.187500E+00,+13.229036E+00,+381.453E-03
-6.179688E+00,+13.229036E+00,+381.453E-03
-6.171875E+00,+13.229036E+00,+381.453E-03
-6.164063E+00,+13.241599E+00,+381.453E-03
-6.156250E+00,+13.241599E+00,+381.453E-03
-6.148438E+00,+13.229036E+00,+381.453E-03
-6.140625E+00,+13.229036E+00,+381.453E-03
-6.132813E+00,+13.229036E+00,+381.453E-03
-6.125000E+00,+13.229036E+00,+381.453E-03
-6.117188E+00,+13.229036E+00,+381.453E-03
-6.109375E+00,+13.229036E+00,+381.453E-03
-6.101563E+00,+13.229036E+00,+381.453E-03
-6.093750E+00,+13.229036E+00,+381.453E-03
-6.085938E+00,+13.229036E+00,+381.453E-03
-6.078125E+00,+13.229036E+00,+381.453E-03
-6.070313E+00,+13.229036E+00,+381.201E-03
-6.062500E+00,+13.229036E+00,+381.201E-03
-6.054688E+00,+13.229036E+00,+381.201E-03
-6.046875E+00,+13.229036E+00,+381.201E-03
-6.039063E+00,+13.229036E+00,+381.201E-03
-6.031250E+00,+13.229036E+00,+381.453E-03
-6.023438E+00,+13.229036E+00,+381.453E-03
-6.015625E+00,+13.229036E+00,+381.453E-03
-6.007813E+00,+13.241599E+00,+381.453E-03
-6.000000E+00,+13.241599E+00,+381.453E-03
-5.992188E+00,+13.229036E+00,+381.453E-03
-5.984375E+00,+13.241599E+00,+381.453E-03
-5.976563E+00,+13.241599E+00,+381.453E-03
-5.968750E+00,+13.241599E+00,+381.704E-03
-5.960938E+00,+13.241599E+00,+381.704E-03
-5.953125E+00,+13.241599E+00,+381.704E-03
-5.945313E+00,+13.241599E+00,+381.955E-03
-5.937500E+00,+13.254162E+00,+381.955E-03
-5.929688E+00,+13.254162E+00,+382.206E-03
-5.921875E+00,+13.254162E+00,+382.458E-03
-5.914063E+00,+13.254162E+00,+382.458E-03
-5.906250E+00,+13.254162E+00,+382.709E-03
-5.898438E+00,+13.254162E+00,+382.709E-03
-5.890625E+00,+13.254162E+00,+382.709E-03
-5.882813E+00,+13.254162E+00,+382.709E-03
-5.875000E+00,+13.254162E+00,+382.709E-03
-5.867188E+00,+13.254162E+00,+382.709E-03
-5.859375E+00,+13.254162E+00,+382.709E-03
-5.851563E+00,+13.254162E+00,+382.709E-03
-5.843750E+00,+13.254162E+00,+382.709E-03
-5.835938E+00,+13.254162E+00,+382.709E-03
-5.828125E+00,+13.254162E+00,+382.709E-03
-5.820313E+00,+13.254162E+00,+382.709E-03
-5.812500E+00,+13.254162E+00,+382.709E-03
-5.804688E+00,+13.254162E+00,+382.709E-03
-5.796875E+00,+13.254162E+00,+382.709E-03
-5.789063E+00,+13.254162E+00,+382.709E-03
-5.781250E+00,+13.254162E+00,+382.709E-03
-5.773438E+00,+13.254162E+00,+382.709E-03
-5.765625E+00,+13.254162E+00,+382.709E-03
-5.757813E+00,+13.254162E+00,+382.709E-03
-5.750000E+00,+13.254162E+00,+382.709E-03
-5.742188E+00,+13.254162E+00,+382.709E-03
-5.734375E+00,+13.254162E+00,+382.709E-03
-5.726563E+00,+13.254162E+00,+382.709E-03
-5.718750E+00,+13.254162E+00,+382.709E-03
-5.710938E+00,+13.254162E+00,+382.709E-03
-5.703125E+00,+13.254162E+00,+382.709E-03
-5.695313E+00,+13.254162E+00,+382.709E-03
-5.687500E+00,+13.254162E+00,+382.709E-03
-5.679688E+00,+13.254162E+00,+382.709E-03
-5.671875E+00,+13.254162E+00,+382.709E-03
-5.664063E+00,+13.254162E+00,+382.709E-03
-5.656250E+00,+13.254162E+00,+382.709E-03
-5.648438E+00,+13.254162E+00,+382.709E-03
-5.640625E+00,+13.254162E+00,+382.709E-03
-5.632813E+00,+13.254162E+00,+382.709E-03
-5.625000E+00,+13.254162E+00,+382.709E-03
-5.617188E+00,+13.254162E+00,+382.709E-03
-5.609375E+00,+13.254162E+00,+382.709E-03
-5.601563E+00,+13.254162E+00,+382.709E-03
-5.593750E+00,+13.254162E+00,+382.709E-03
-5.585938E+00,+13.254162E+00,+382.709E-03
-5.578125E+00,+13.254162E+00,+382.709E-03
-5.570313E+00,+13.254162E+00,+382.709E-03
-5.562500E+00,+13.254162E+00,+382.458E-03
-5.554688E+00,+13.254162E+00,+382.709E-03
-5.546875E+00,+13.254162E+00,+382.709E-03
-5.539063E+00,+13.254162E+00,+382.458E-03
-5.531250E+00,+13.254162E+00,+382.709E-03
-5.523438E+00,+13.254162E+00,+382.458E-03
-5.515625E+00,+13.254162E+00,+382.458E-03
-5.507813E+00,+13.254162E+00,+382.709E-03
-5.500000E+00,+13.254162E+00,+382.458E-03
-5.492188E+00,+13.254162E+00,+382.458E-03
-5.484375E+00,+13.254162E+00,+382.458E-03
-5.476563E+00,+13.254162E+00,+382.458E-03
-5.468750E+00,+13.254162E+00,+382.458E-03
-5.460938E+00,+13.254162E+00,+382.458E-03
-5.453125E+00,+13.254162E+00,+382.458E-03
-5.445313E+00,+13.254162E+00,+382.458E-03
-5.437500E+00,+13.254162E+00,+382.458E-03
-5.429688E+00,+13.254162E+00,+382.709E-03
-5.421875E+00,+13.254162E+00,+382.458E-03
-5.414063E+00,+13.254162E+00,+382.458E-03
-5.406250E+00,+13.254162E+00,+382.458E-03
-5.398438E+00,+13.254162E+00,+382.709E-03
-5.390625E+00,+13.254162E+00,+382.458E-03
-5.382813E+00,+13.254162E+00,+382.458E-03
-5.375000E+00,+13.254162E+00,+382.458E-03
-5.367188E+00,+13.254162E+00,+382.458E-03
-5.359375E+00,+13.254162E+00,+382.709E-03
-5.351563E+00,+13.254162E+00,+382.458E-03
-5.343750E+00,+13.254162E+00,+382.458E-03
-5.335938E+00,+13.254162E+00,+382.709E-03
-5.328125E+00,+13.254162E+00,+382.458E-03
-5.320313E+00,+13.254162E+00,+382.458E-03
-5.312500E+00,+13.254162E+00,+382.458E-03
-5.304688E+00,+13.254162E+00,+382.458E-03
-5.296875E+00,+13.254162E+00,+382.709E-03
-5.289063E+00,+13.254162E+00,+382.709E-03
-5.281250E+00,+13.254162E+00,+382.458E-03
-5.273438E+00,+13.254162E+00,+382.709E-03
-5.265625E+00,+13.254162E+00,+382.458E-03
-5.257813E+00,+13.254162E+00,+382.458E-03
-5.250000E+00,+13.254162E+00,+382.709E-03
-5.242188E+00,+13.254162E+00,+382.458E-03
-5.234375E+00,+13.254162E+00,+382.458E-03
-5.226563E+00,+13.254162E+00,+382.458E-03
-5.218750E+00,+13.254162E+00,+382.458E-03
-5.210938E+00,+13.254162E+00,+382.458E-03
-5.203125E+00,+13.254162E+00,+382.458E-03
-5.195313E+00,+14.422503E+00,+430.448E-03
-5.187500E+00,+15.075770E+00,+435.724E-03
-5.179688E+00,+15.063207E+00,+435.473E-03
-5.171875E+00,+15.063207E+00,+435.473E-03
-5.164063E+00,+15.063207E+00,+435.473E-03
-5.156250E+00,+15.063207E+00,+435.473E-03
-5.148438E+00,+15.063207E+00,+435.473E-03
-5.140625E+00,+15.063207E+00,+435.473E-03
-5.132813E+00,+15.063207E+00,+435.473E-03
-5.125000E+00,+15.063207E+00,+435.473E-03
-5.117188E+00,+15.063207E+00,+435.473E-03
-5.109375E+00,+15.063207E+00,+435.473E-03
-5.101563E+00,+15.063207E+00,+435.473E-03
-5.093750E+00,+15.063207E+00,+435.473E-03
-5.085938E+00,+15.063207E+00,+435.473E-03
-5.078125E+00,+15.063207E+00,+435.473E-03
-5.070313E+00,+15.063207E+00,+435.473E-03
-5.062500E+00,+15.063207E+00,+435.473E-03
-5.054688E+00,+15.063207E+00,+435.473E-03
-5.046875E+00,+15.063207E+00,+435.473E-03
-5.039063E+00,+15.063207E+00,+435.473E-03
-5.031250E+00,+15.063207E+00,+435.473E-03
-5.023438E+00,+15.063207E+00,+435.473E-03
-5.015625E+00,+15.063207E+00,+435.473E-03
-5.007813E+00,+15.063207E+00,+435.473E-03
-5.000000E+00,+15.063207E+00,+435.473E-03
-4.992188E+00,+15.063207E+00,+435.473E-03
-4.984375E+00,+15.063207E+00,+435.473E-03
-4.976563E+00,+15.063207E+00,+435.473E-03
-4.968750E+00,+15.063207E+00,+435.473E-03
-4.960938E+00,+15.063207E+00,+435.473E-03
-4.953125E+00,+15.063207E+00,+435.473E-03
-4.945313E+00,+15.063207E+00,+435.473E-03
-4.937500E+00,+15.063207E+00,+435.473E-03
-4.929688E+00,+15.063207E+00,+435.473E-03
-4.921875E+00,+15.063207E+00,+435.473E-03
-4.914063E+00,+15.063207E+00,+435.473E-03
-4.906250E+00,+15.063207E+00,+435.473E-03
-4.898438E+00,+15.063207E+00,+435.473E-03
-4.890625E+00,+15.063207E+00,+435.473E-03
-4.882813E+00,+15.063207E+00,+435.473E-03
-4.875000E+00,+15.063207E+00,+435.473E-03
-4.867188E+00,+15.063207E+00,+435.473E-03
-4.859375E+00,+15.063207E+00,+435.473E-03
-4.851563E+00,+15.063207E+00,+435.473E-03
-4.843750E+00,+15.063207E+00,+435.473E-03
-4.835938E+00,+15.063207E+00,+435.473E-03
-4.828125E+00,+15.063207E+00,+435.473E-03
-4.820313E+00,+15.063207E+00,+435.473E-03
-4.812500E+00,+15.063207E+00,+435.473E-03
-4.804688E+00,+15.063207E+00,+435.473E-03
-4.796875E+00,+15.063207E+00,+435.473E-03
-4.789063E+00,+15.063207E+00,+435.473E-03
-4.781250E+00,+15.063207E+00,+435.473E-03
-4.773438E+00,+15.063207E+00,+435.473E-03
-4.765625E+00,+15.075770E+00,+435.473E-03
-4.757813E+00,+15.063207E+00,+435.473E-03
-4.750000E+00,+15.063207E+00,+435.473E-03
-4.742188E+00,+15.063207E+00,+435.473E-03
-4.734375E+00,+15.063207E+00,+435.473E-03
-4.726563E+00,+15.063207E+00,+435.473E-03
-4.718750E+00,+15.075770E+00,+435.473E-03
-4.710938E+00,+15.063207E+00,+435.473E-03
-4.703125E+00,+15.063207E+00,+435.473E-03
-4.695313E+00,+15.063207E+00,+435.473E-03
-4.687500E+00,+15.063207E+00,+435.473E-03
-4.679688E+00,+15.063207E+00,+435.473E-03
-4.671875E+00,+15.063207E+00,+435.473E-03
-4.664063E+00,+15.063207E+00,+435.473E-03
-4.656250E+00,+15.063207E+00,+435.473E-03
-4.648438E+00,+15.063207E+00,+435.473E-03
-4.640625E+00,+15.063207E+00,+435.473E-03
-4.632813E+00,+15.063207E+00,+435.473E-03
-4.625000E+00,+15.063207E+00,+435.473E-03
-4.617188E+00,+15.063207E+00,+435.473E-03
-4.609375E+00,+15.063207E+00,+435.473E-03
-4.601563E+00,+15.063207E+00,+435.473E-03
-4.593750E+00,+15.063207E+00,+435.473E-03
-4.585938E+00,+15.063207E+00,+435.473E-03
-4.578125E+00,+15.063207E+00,+435.473E-03
-4.570313E+00,+15.063207E+00,+435.473E-03
-4.562500E+00,+15.063207E+00,+435.473E-03
-4.554688E+00,+15.063207E+00,+435.473E-03
-4.546875E+00,+15.063207E+00,+435.473E-03
-4.539063E+00,+15.063207E+00,+435.473E-03
-4.531250E+00,+15.063207E+00,+435.473E-03
-4.523438E+00,+15.063207E+00,+435.473E-03
-4.515625E+00,+15.063207E+00,+435.473E-03
-4.507813E+00,+15.063207E+00,+435.473E-03
-4.500000E+00,+15.063207E+00,+435.473E-03
-4.492188E+00,+15.063207E+00,+435.473E-03
-4.484375E+00,+15.063207E+00,+435.473E-03
-4.476563E+00,+15.063207E+00,+435.473E-03
-4.468750E+00,+15.063207E+00,+435.473E-03
-4.460938E+00,+15.063207E+00,+435.473E-03
-4.453125E+00,+15.063207E+00,+435.473E-03
-4.445313E+00,+15.063207E+00,+435.473E-03
-4.437500E+00,+15.063207E+00,+435.473E-03
-4.429688E+00,+15.063207E+00,+435.473E-03
-4.421875E+00,+15.063207E+00,+435.473E-03
-4.414063E+00,+15.063207E+00,+435.473E-03
-4.406250E+00,+15.063207E+00,+435.473E-03
-4.398438E+00,+15.063207E+00,+435.473E-03
-4.390625E+00,+15.063207E+00,+435.473E-03
-4.382813E+00,+15.063207E+00,+435.473E-03
-4.375000E+00,+15.063207E+00,+435.473E-03
-4.367188E+00,+15.063207E+00,+435.473E-03
-4.359375E+00,+15.063207E+00,+435.473E-03
-4.351563E+00,+15.063207E+00,+435.473E-03
-4.343750E+00,+15.063207E+00,+435.473E-03
-4.335938E+00,+15.063207E+00,+435.473E-03
-4.328125E+00,+15.063207E+00,+435.473E-03
-4.320313E+00,+15.063207E+00,+435.473E-03
-4.312500E+00,+15.063207E+00,+435.473E-03
-4.304688E+00,+15.063207E+00,+435.473E-03
-4.296875E+00,+15.063207E+00,+435.473E-03
-4.289063E+00,+15.063207E+00,+435.473E-03
-4.281250E+00,+15.063207E+00,+435.473E-03
-4.273438E+00,+15.063207E+00,+435.473E-03
-4.265625E+00,+15.063207E+00,+435.473E-03
-4.257813E+00,+15.063207E+00,+435.473E-03
-4.250000E+00,+15.063207E+00,+435.473E-03
-4.242188E+00,+15.063207E+00,+435.473E-03
-4.234375E+00,+15.063207E+00,+435.473E-03
-4.226563E+00,+15.063207E+00,+435.473E-03
-4.218750E+00,+15.063207E+00,+435.473E-03
-4.210938E+00,+15.063207E+00,+435.473E-03
-4.203125E+00,+15.063207E+00,+435.473E-03
-4.195313E+00,+15.691347E+00,+463.613E-03
-4.187500E+00,+16.658684E+00,+480.196E-03
-4.179688E+00,+16.583307E+00,+478.940E-03
-4.171875E+00,+16.558182E+00,+478.940E-03
-4.164063E+00,+16.545619E+00,+478.689E-03
-4.156250E+00,+16.545619E+00,+478.689E-03
-4.148438E+00,+16.545619E+00,+478.689E-03
-4.140625E+00,+16.545619E+00,+478.689E-03
-4.132813E+00,+16.545619E+00,+478.689E-03
-4.125000E+00,+16.545619E+00,+478.689E-03
-4.117188E+00,+16.545619E+00,+478.689E-03
-4.109375E+00,+16.545619E+00,+478.689E-03
-4.101563E+00,+16.545619E+00,+478.689E-03
-4.093750E+00,+16.545619E+00,+478.689E-03
-4.085938E+00,+16.545619E+00,+478.689E-03
-4.078125E+00,+16.545619E+00,+478.689E-03
-4.070313E+00,+16.545619E+00,+478.689E-03
-4.062500E+00,+16.545619E+00,+478.689E-03
-4.054688E+00,+16.545619E+00,+478.689E-03
-4.046875E+00,+16.545619E+00,+478.689E-03
-4.039063E+00,+16.545619E+00,+478.689E-03
-4.031250E+00,+16.545619E+00,+478.689E-03
-4.023438E+00,+16.545619E+00,+478.689E-03
-4.015625E+00,+16.545619E+00,+478.689E-03
-4.007813E+00,+16.545619E+00,+478.689E-03
-4.000000E+00,+16.545619E+00,+478.689E-03
-3.992188E+00,+16.545619E+00,+478.689E-03
-3.984375E+00,+16.545619E+00,+478.689E-03
-3.976563E+00,+16.545619E+00,+478.689E-03
-3.968750E+00,+16.545619E+00,+478.689E-03
-3.960938E+00,+16.545619E+00,+478.689E-03
-3.953125E+00,+16.545619E+00,+478.689E-03
-3.945313E+00,+16.545619E+00,+478.689E-03
-3.937500E+00,+16.545619E+00,+478.689E-03
-3.929688E+00,+16.558182E+00,+478.689E-03
-3.921875E+00,+16.545619E+00,+478.689E-03
-3.914063E+00,+16.545619E+00,+478.689E-03
-3.906250E+00,+16.545619E+00,+478.689E-03
-3.898438E+00,+16.533056E+00,+478.689E-03
-3.890625E+00,+16.545619E+00,+478.689E-03
-3.882813E+00,+16.545619E+00,+478.689E-03
-3.875000E+00,+16.545619E+00,+478.689E-03
-3.867188E+00,+16.545619E+00,+478.689E-03
-3.859375E+00,+16.558182E+00,+478.689E-03
-3.851563E+00,+16.558182E+00,+478.689E-03
-3.843750E+00,+16.558182E+00,+478.689E-03
-3.835938E+00,+16.545619E+00,+478.689E-03
-3.828125E+00,+16.545619E+00,+478.689E-03
-3.820313E+00,+16.545619E+00,+478.689E-03
-3.812500E+00,+16.545619E+00,+478.689E-03
-3.804688E+00,+16.545619E+00,+478.689E-03
-3.796875E+00,+16.558182E+00,+478.689E-03
-3.789063E+00,+16.545619E+00,+478.689E-03
-3.781250E+00,+16.545619E+00,+478.689E-03
-3.773438E+00,+16.545619E+00,+478.689E-03
-3.765625E+00,+16.533056E+00,+478.689E-03
-3.757813E+00,+16.545619E+00,+478.689E-03
-3.750000E+00,+16.545619E+00,+478.689E-03
-3.742188E+00,+16.545619E+00,+478.689E-03
-3.734375E+00,+16.545619E+00,+478.689E-03
-3.726563E+00,+16.545619E+00,+478.689E-03
-3.718750E+00,+16.545619E+00,+478.689E-03
-3.710938E+00,+16.545619E+00,+478.689E-03
-3.703125E+00,+16.545619E+00,+478.689E-03
-3.695313E+00,+16.545619E+00,+478.689E-03
-3.687500E+00,+16.558182E+00,+478.689E-03
-3.679688E+00,+16.545619E+00,+478.689E-03
-3.671875E+00,+16.545619E+00,+478.689E-03
-3.664063E+00,+16.545619E+00,+478.689E-03
-3.656250E+00,+16.545619E+00,+478.689E-03
-3.648438E+00,+16.558182E+00,+478.689E-03
-3.640625E+00,+16.558182E+00,+478.689E-03
-3.632813E+00,+16.558182E+00,+478.689E-03
-3.625000E+00,+16.545619E+00,+478.689E-03
-3.617188E+00,+16.545619E+00,+478.689E-03
-3.609375E+00,+16.558182E+00,+478.689E-03
-3.601563E+00,+16.558182E+00,+478.689E-03
-3.593750E+00,+16.558182E+00,+478.689E-03
-3.585938E+00,+16.545619E+00,+478.689E-03
-3.578125E+00,+16.545619E+00,+478.689E-03
-3.570313E+00,+16.545619E+00,+478.689E-03
-3.562500E+00,+16.545619E+00,+478.689E-03
-3.554688E+00,+16.545619E+00,+478.689E-03
-3.546875E+00,+16.558182E+00,+478.689E-03
-3.539063E+00,+16.545619E+00,+478.689E-03
-3.531250E+00,+16.558182E+00,+478.689E-03
-3.523438E+00,+16.545619E+00,+478.689E-03
-3.515625E+00,+16.545619E+00,+478.689E-03
-3.507813E+00,+16.545619E+00,+478.689E-03
-3.500000E+00,+16.545619E+00,+478.689E-03
-3.492188E+00,+16.545619E+00,+478.689E-03
-3.484375E+00,+16.545619E+00,+478.689E-03
-3.476563E+00,+16.545619E+00,+478.689E-03
-3.468750E+00,+16.558182E+00,+478.689E-03
-3.460938E+00,+16.558182E+00,+478.689E-03
-3.453125E+00,+16.545619E+00,+478.689E-03
-3.445313E+00,+16.545619E+00,+478.689E-03
-3.437500E+00,+16.545619E+00,+478.689E-03
-3.429688E+00,+16.545619E+00,+478.689E-03
-3.421875E+00,+16.545619E+00,+478.689E-03
-3.414063E+00,+16.545619E+00,+478.689E-03
-3.406250E+00,+16.545619E+00,+478.689E-03
-3.398438E+00,+16.545619E+00,+478.689E-03
-3.390625E+00,+16.545619E+00,+478.689E-03
-3.382813E+00,+16.545619E+00,+478.689E-03
-3.375000E+00,+16.545619E+00,+478.689E-03
-3.367188E+00,+16.545619E+00,+478.689E-03
-3.359375E+00,+16.545619E+00,+478.689E-03
-3.351563E+00,+16.545619E+00,+478.689E-03
-3.343750E+00,+16.545619E+00,+478.689E-03
-3.335938E+00,+16.545619E+00,+478.689E-03
-3.328125E+00,+16.545619E+00,+478.689E-03
-3.320313E+00,+16.558182E+00,+478.689E-03
-3.312500E+00,+16.545619E+00,+478.689E-03
-3.304688E+00,+16.545619E+00,+478.689E-03
-3.296875E+00,+16.545619E+00,+478.689E-03
-3.289063E+00,+16.545619E+00,+478.689E-03
-3.281250E+00,+16.545619E+00,+478.689E-03
-3.273438E+00,+16.545619E+00,+478.689E-03
-3.265625E+00,+16.545619E+00,+478.689E-03
-3.257813E+00,+16.545619E+00,+478.689E-03
-3.250000E+00,+16.545619E+00,+478.689E-03
-3.242188E+00,+16.545619E+00,+478.689E-03
-3.234375E+00,+16.545619E+00,+478.940E-03
-3.226563E+00,+16.545619E+00,+478.940E-03
-3.218750E+00,+16.545619E+00,+478.689E-03
-3.210938E+00,+16.545619E+00,+478.689E-03
-3.203125E+00,+16.545619E+00,+478.689E-03
-3.195313E+00,+16.646121E+00,+487.231E-03
-3.187500E+00,+16.884815E+00,+486.980E-03
-3.179688E+00,+16.872252E+00,+486.980E-03
-3.171875E+00,+16.872252E+00,+486.980E-03
-3.164063E+00,+16.859689E+00,+486.980E-03
-3.156250E+00,+16.859689E+00,+486.729E-03
-3.148438E+00,+16.859689E+00,+486.729E-03
-3.140625E+00,+16.859689E+00,+486.729E-03
-3.132813E+00,+16.859689E+00,+486.980E-03
-3.125000E+00,+16.859689E+00,+486.980E-03
-3.117188E+00,+16.859689E+00,+486.729E-03
-3.109375E+00,+16.859689E+00,+486.729E-03
-3.101563E+00,+16.859689E+00,+486.980E-03
-3.093750E+00,+16.859689E+00,+486.980E-03
-3.085938E+00,+16.859689E+00,+486.729E-03
-3.078125E+00,+16.859689E+00,+486.729E-03
-3.070313E+00,+16.859689E+00,+486.729E-03
-3.062500E+00,+16.872252E+00,+486.729E-03
-3.054688E+00,+16.872252E+00,+486.729E-03
-3.046875E+00,+16.859689E+00,+486.729E-03
-3.039063E+00,+16.859689E+00,+486.729E-03
-3.031250E+00,+16.859689E+00,+486.729E-03
-3.023438E+00,+16.872252E+00,+486.729E-03
-3.015625E+00,+16.859689E+00,+486.729E-03
-3.007813E+00,+16.859689E+00,+486.729E-03
-3.000000E+00,+16.872252E+00,+486.729E-03
-2.992188E+00,+16.859689E+00,+486.729E-03
-2.984375E+00,+16.859689E+00,+486.729E-03
-2.976563E+00,+16.859689E+00,+486.729E-03
-2.968750E+00,+16.872252E+00,+486.980E-03
-2.960938E+00,+16.859689E+00,+486.729E-03
-2.953125E+00,+16.859689E+00,+486.729E-03
-2.945313E+00,+16.859689E+00,+486.729E-03
-2.937500E+00,+16.859689E+00,+486.729E-03
-2.929688E+00,+16.859689E+00,+486.729E-03
-2.921875E+00,+16.859689E+00,+486.729E-03
-2.914063E+00,+16.859689E+00,+486.729E-03
-2.906250E+00,+16.859689E+00,+486.729E-03
-2.898438E+00,+16.859689E+00,+486.729E-03
-2.890625E+00,+16.859689E+00,+486.729E-03
-2.882813E+00,+16.859689E+00,+486.729E-03
-2.875000E+00,+16.859689E+00,+486.729E-03
-2.867188E+00,+16.859689E+00,+486.729E-03
-2.859375E+00,+16.859689E+00,+486.729E-03
-2.851563E+00,+16.859689E+00,+486.729E-03
-2.843750E+00,+16.859689E+00,+486.729E-03
-2.835938E+00,+16.859689E+00,+486.729E-03
-2.828125E+00,+16.859689E+00,+486.729E-03
-2.820313E+00,+16.859689E+00,+486.729E-03
-2.812500E+00,+16.859689E+00,+486.729E-03
-2.804688E+00,+16.872252E+00,+486.729E-03
-2.796875E+00,+16.859689E+00,+486.729E-03
-2.789063E+00,+16.859689E+00,+486.729E-03
-2.781250E+00,+16.859689E+00,+486.980E-03
-2.773438E+00,+16.859689E+00,+486.980E-03
-2.765625E+00,+16.859689E+00,+486.729E-03
-2.757813E+00,+16.859689E+00,+486.729E-03
-2.750000E+00,+16.859689E+00,+486.980E-03
-2.742188E+00,+16.859689E+00,+486.729E-03
-2.734375E+00,+16.859689E+00,+486.729E-03
-2.726563E+00,+16.859689E+00,+486.729E-03
-2.718750E+00,+16.859689E+00,+486.729E-03
-2.710938E+00,+16.859689E+00,+486.729E-03
-2.703125E+00,+16.859689E+00,+486.729E-03
-2.695313E+00,+16.859689E+00,+486.729E-03
-2.687500E+00,+16.859689E+00,+486.729E-03
-2.679688E+00,+16.859689E+00,+486.729E-03
-2.671875E+00,+16.859689E+00,+486.980E-03
-2.664063E+00,+16.859689E+00,+486.729E-03
-2.656250E+00,+16.859689E+00,+486.729E-03
-2.648438E+00,+16.859689E+00,+486.729E-03
-2.640625E+00,+16.859689E+00,+486.729E-03
-2.632813E+00,+16.859689E+00,+486.980E-03
-2.625000E+00,+16.859689E+00,+486.729E-03
-2.617188E+00,+16.859689E+00,+486.729E-03
-2.609375E+00,+16.859689E+00,+486.980E-03
-2.601563E+00,+16.859689E+00,+486.729E-03
-2.593750E+00,+16.859689E+00,+486.980E-03
-2.585938E+00,+16.859689E+00,+486.980E-03
-2.578125E+00,+16.859689E+00,+486.729E-03
-2.570313E+00,+16.859689E+00,+486.980E-03
-2.562500E+00,+16.859689E+00,+486.729E-03
-2.554688E+00,+16.859689E+00,+486.729E-03
-2.546875E+00,+16.859689E+00,+486.729E-03
-2.539063E+00,+16.859689E+00,+486.729E-03
-2.531250E+00,+16.859689E+00,+486.729E-03
-2.523438E+00,+16.859689E+00,+486.729E-03
-2.515625E+00,+16.859689E+00,+486.729E-03
-2.507813E+00,+16.859689E+00,+486.729E-03
-2.500000E+00,+16.859689E+00,+486.980E-03
-2.492188E+00,+16.859689E+00,+486.980E-03
-2.484375E+00,+16.859689E+00,+486.729E-03
-2.476563E+00,+16.859689E+00,+486.729E-03
-2.468750E+00,+16.859689E+00,+486.729E-03
-2.460938E+00,+16.859689E+00,+486.729E-03
-2.453125E+00,+16.859689E+00,+486.729E-03
-2.445313E+00,+16.859689E+00,+486.729E-03
-2.437500E+00,+16.859689E+00,+486.980E-03
-2.429688E+00,+16.859689E+00,+486.980E-03
-2.421875E+00,+16.859689E+00,+486.980E-03
-2.414063E+00,+16.859689E+00,+486.980E-03
-2.406250E+00,+16.859689E+00,+486.729E-03
-2.398438E+00,+16.859689E+00,+486.729E-03
-2.390625E+00,+16.859689E+00,+486.980E-03
-2.382813E+00,+16.859689E+00,+486.980E-03
-2.375000E+00,+16.859689E+00,+486.729E-03
-2.367188E+00,+16.859689E+00,+486.980E-03
-2.359375E+00,+16.859689E+00,+486.729E-03
-2.351563E+00,+16.859689E+00,+486.980E-03
-2.343750E+00,+16.859689E+00,+486.729E-03
-2.335938E+00,+16.859689E+00,+486.729E-03
-2.328125E+00,+16.859689E+00,+486.980E-03
-2.320313E+00,+16.859689E+00,+486.729E-03
-2.312500E+00,+16.859689E+00,+486.729E-03
-2.304688E+00,+16.859689E+00,+486.729E-03
-2.296875E+00,+16.859689E+00,+486.729E-03
-2.289063E+00,+16.859689E+00,+486.729E-03
-2.281250E+00,+16.859689E+00,+486.729E-03
-2.273438E+00,+16.859689E+00,+486.729E-03
-2.265625E+00,+16.859689E+00,+486.729E-03
-2.257813E+00,+16.859689E+00,+486.729E-03
-2.250000E+00,+16.859689E+00,+486.980E-03
-2.242188E+00,+16.859689E+00,+486.980E-03
-2.234375E+00,+16.872252E+00,+486.980E-03
-2.226563E+00,+16.859689E+00,+486.729E-03
-2.218750E+00,+16.859689E+00,+486.729E-03
-2.210938E+00,+16.859689E+00,+486.980E-03
-2.203125E+00,+16.859689E+00,+486.729E-03
-2.195313E+00,+16.859689E+00,+486.729E-03
-2.187500E+00,+16.859689E+00,+486.980E-03
-2.179688E+00,+16.859689E+00,+486.980E-03
-2.171875E+00,+16.859689E+00,+486.980E-03
-2.164063E+00,+16.859689E+00,+486.729E-03
-2.156250E+00,+16.859689E+00,+486.729E-03
-2.148438E+00,+16.859689E+00,+486.980E-03
-2.140625E+00,+16.859689E+00,+486.980E-03
-2.132813E+00,+16.859689E+00,+486.980E-03
-2.125000E+00,+16.872252E+00,+486.980E-03
-2.117188E+00,+16.859689E+00,+486.980E-03
-2.109375E+00,+16.859689E+00,+486.729E-03
-2.101563E+00,+16.859689E+00,+486.729E-03
-2.093750E+00,+16.859689E+00,+486.729E-03
-2.085938E+00,+16.859689E+00,+486.729E-03
-2.078125E+00,+16.859689E+00,+486.980E-03
-2.070313E+00,+16.859689E+00,+486.729E-03
-2.062500E+00,+16.859689E+00,+486.729E-03
-2.054688E+00,+16.859689E+00,+486.729E-03
-2.046875E+00,+16.859689E+00,+486.980E-03
-2.039063E+00,+16.859689E+00,+486.980E-03
-2.031250E+00,+16.859689E+00,+486.980E-03
-2.023438E+00,+16.859689E+00,+486.980E-03
-2.015625E+00,+16.859689E+00,+486.980E-03
-2.007813E+00,+16.859689E+00,+486.980E-03
-2.000000E+00,+16.859689E+00,+486.729E-03
-1.992188E+00,+16.859689E+00,+486.980E-03
-1.984375E+00,+16.859689E+00,+486.729E-03
-1.976563E+00,+16.859689E+00,+486.729E-03
-1.968750E+00,+16.859689E+00,+486.729E-03
-1.960938E+00,+16.859689E+00,+486.980E-03
-1.953125E+00,+16.859689E+00,+486.729E-03
-1.945313E+00,+16.859689E+00,+486.980E-03
-1.937500E+00,+16.859689E+00,+486.980E-03
-1.929688E+00,+16.859689E+00,+486.980E-03
-1.921875E+00,+16.859689E+00,+486.980E-03
-1.914063E+00,+16.859689E+00,+486.729E-03
-1.906250E+00,+16.859689E+00,+486.980E-03
-1.898438E+00,+16.859689E+00,+486.980E-03
-1.890625E+00,+16.859689E+00,+486.980E-03
-1.882813E+00,+16.859689E+00,+486.980E-03
-1.875000E+00,+16.859689E+00,+486.980E-03
-1.867188E+00,+16.859689E+00,+486.980E-03
-1.859375E+00,+16.859689E+00,+486.980E-03
-1.851563E+00,+16.859689E+00,+486.980E-03
-1.843750E+00,+16.859689E+00,+486.980E-03
-1.835938E+00,+16.859689E+00,+486.980E-03
-1.828125E+00,+16.859689E+00,+486.980E-03
-1.820313E+00,+16.859689E+00,+486.980E-03
-1.812500E+00,+16.859689E+00,+486.980E-03
-1.804688E+00,+16.859689E+00,+486.980E-03
-1.796875E+00,+16.859689E+00,+486.980E-03
-1.789063E+00,+16.859689E+00,+486.980E-03
-1.781250E+00,+16.859689E+00,+486.980E-03
-1.773438E+00,+16.859689E+00,+486.729E-03
-1.765625E+00,+16.859689E+00,+486.980E-03
-1.757813E+00,+16.859689E+00,+486.980E-03
-1.750000E+00,+16.859689E+00,+486.980E-03
-1.742188E+00,+16.859689E+00,+486.980E-03
-1.734375E+00,+16.859689E+00,+486.729E-03
-1.726563E+00,+16.859689E+00,+486.980E-03
-1.718750E+00,+16.859689E+00,+486.980E-03
-1.710938E+00,+16.859689E+00,+486.980E-03
-1.703125E+00,+16.859689E+00,+486.980E-03
-1.695313E+00,+16.859689E+00,+486.729E-03
-1.687500E+00,+16.859689E+00,+486.980E-03
-1.679688E+00,+16.859689E+00,+486.980E-03
-1.671875E+00,+16.859689E+00,+486.980E-03
-1.664063E+00,+16.859689E+00,+486.980E-03
-1.656250E+00,+16.859689E+00,+486.980E-03
-1.648438E+00,+16.859689E+00,+486.980E-03
-1.640625E+00,+16.859689E+00,+486.980E-03
-1.632813E+00,+16.859689E+00,+486.729E-03
-1.625000E+00,+16.859689E+00,+486.980E-03
-1.617188E+00,+16.859689E+00,+486.980E-03
-1.609375E+00,+16.859689E+00,+486.980E-03
-1.601563E+00,+16.859689E+00,+486.980E-03
-1.593750E+00,+16.859689E+00,+486.729E-03
-1.585938E+00,+16.859689E+00,+486.729E-03
-1.578125E+00,+16.859689E+00,+486.729E-03
-1.570313E+00,+16.859689E+00,+486.980E-03
-1.562500E+00,+16.859689E+00,+486.980E-03
-1.554688E+00,+16.859689E+00,+486.729E-03
-1.546875E+00,+16.859689E+00,+486.980E-03
-1.539063E+00,+16.859689E+00,+486.729E-03
-1.531250E+00,+16.859689E+00,+486.980E-03
-1.523438E+00,+16.859689E+00,+486.729E-03
-1.515625E+00,+16.859689E+00,+486.980E-03
-1.507813E+00,+16.859689E+00,+486.729E-03
-1.500000E+00,+16.859689E+00,+486.729E-03
-1.492188E+00,+16.859689E+00,+486.980E-03
-1.484375E+00,+16.859689E+00,+486.980E-03
-1.476563E+00,+16.859689E+00,+486.980E-03
-1.468750E+00,+16.859689E+00,+486.980E-03
-1.460938E+00,+16.859689E+00,+486.980E-03
-1.453125E+00,+16.859689E+00,+486.980E-03
-1.445313E+00,+16.859689E+00,+486.980E-03
-1.437500E+00,+16.859689E+00,+486.729E-03
-1.429688E+00,+16.859689E+00,+486.980E-03
-1.421875E+00,+16.859689E+00,+486.980E-03
-1.414063E+00,+16.859689E+00,+486.729E-03
-1.406250E+00,+16.859689E+00,+486.980E-03
-1.398438E+00,+16.859689E+00,+486.729E-03
-1.390625E+00,+16.859689E+00,+486.980E-03
-1.382813E+00,+16.859689E+00,+486.980E-03
-1.375000E+00,+16.859689E+00,+486.980E-03
-1.367188E+00,+16.859689E+00,+486.980E-03
-1.359375E+00,+16.859689E+00,+486.980E-03
-1.351563E+00,+16.859689E+00,+486.729E-03
-1.343750E+00,+16.859689E+00,+486.729E-03
-1.335938E+00,+16.859689E+00,+486.729E-03
-1.328125E+00,+16.859689E+00,+486.729E-03
-1.320313E+00,+16.859689E+00,+486.980E-03
-1.312500E+00,+16.872252E+00,+486.980E-03
-1.304688E+00,+16.872252E+00,+486.980E-03
-1.296875E+00,+16.859689E+00,+486.980E-03
-1.289063E+00,+16.859689E+00,+486.980E-03
-1.281250E+00,+16.859689E+00,+486.729E-03
-1.273438E+00,+16.859689E+00,+486.729E-03
-1.265625E+00,+16.859689E+00,+486.980E-03
-1.257813E+00,+16.859689E+00,+486.980E-03
-1.250000E+00,+16.859689E+00,+486.729E-03
-1.242188E+00,+16.859689E+00,+486.729E-03
-1.234375E+00,+16.872252E+00,+486.980E-03
-1.226563E+00,+16.859689E+00,+486.980E-03
-1.218750E+00,+16.859689E+00,+486.980E-03
-1.210938E+00,+16.859689E+00,+486.980E-03
-1.203125E+00,+16.859689E+00,+486.980E-03
-1.195313E+00,+16.859689E+00,+486.980E-03
-1.187500E+00,+16.859689E+00,+486.980E-03
-1.179688E+00,+16.859689E+00,+486.980E-03
-1.171875E+00,+16.859689E+00,+486.729E-03
-1.164063E+00,+16.859689E+00,+486.980E-03
-1.156250E+00,+16.859689E+00,+486.980E-03
-1.148438E+00,+16.859689E+00,+486.980E-03
-1.140625E+00,+16.859689E+00,+486.980E-03
-1.132813E+00,+16.859689E+00,+486.729E-03
-1.125000E+00,+16.859689E+00,+486.729E-03
-1.117188E+00,+16.859689E+00,+486.729E-03
-1.109375E+00,+16.859689E+00,+486.980E-03
-1.101563E+00,+16.859689E+00,+486.729E-03
-1.093750E+00,+16.859689E+00,+486.729E-03
-1.085938E+00,+16.859689E+00,+486.980E-03
-1.078125E+00,+16.859689E+00,+486.980E-03
-1.070313E+00,+16.859689E+00,+486.729E-03
-1.062500E+00,+16.859689E+00,+486.729E-03
-1.054688E+00,+16.859689E+00,+486.729E-03
-1.046875E+00,+16.859689E+00,+486.980E-03
-1.039063E+00,+16.859689E+00,+486.980E-03
-1.031250E+00,+16.872252E+00,+486.980E-03
-1.023438E+00,+16.859689E+00,+486.980E-03
-1.015625E+00,+16.859689E+00,+486.980E-03
-1.007813E+00,+16.859689E+00,+486.980E-03
-1.000000E+00,+16.859689E+00,+486.729E-03
-992.188E-03,+16.859689E+00,+486.729E-03
-984.375E-03,+16.872252E+00,+486.980E-03
-976.563E-03,+16.859689E+00,+486.980E-03
-968.750E-03,+16.859689E+00,+486.980E-03
-960.938E-03,+16.859689E+00,+486.980E-03
-953.125E-03,+16.859689E+00,+486.729E-03
-945.313E-03,+16.859689E+00,+486.980E-03
-937.500E-03,+16.872252E+00,+486.980E-03
-929.688E-03,+16.859689E+00,+486.980E-03
-921.875E-03,+16.859689E+00,+486.980E-03
-914.063E-03,+16.859689E+00,+486.729E-03
-906.250E-03,+16.859689E+00,+486.980E-03
-898.438E-03,+16.859689E+00,+486.980E-03
-890.625E-03,+16.859689E+00,+486.729E-03
-882.813E-03,+16.859689E+00,+486.729E-03
-875.000E-03,+16.859689E+00,+486.729E-03
-867.188E-03,+16.859689E+00,+486.980E-03
-859.375E-03,+16.859689E+00,+486.980E-03
-851.563E-03,+16.859689E+00,+486.729E-03
-843.750E-03,+16.859689E+00,+486.980E-03
-835.938E-03,+16.859689E+00,+486.980E-03
-828.125E-03,+16.859689E+00,+486.980E-03
-820.313E-03,+16.859689E+00,+486.980E-03
-812.500E-03,+16.859689E+00,+486.980E-03
-804.688E-03,+16.859689E+00,+486.980E-03
-796.875E-03,+16.859689E+00,+486.980E-03
-789.063E-03,+16.859689E+00,+486.980E-03
-781.250E-03,+16.859689E+00,+486.980E-03
-773.438E-03,+16.859689E+00,+486.729E-03
-765.625E-03,+16.859689E+00,+486.980E-03
-757.813E-03,+16.859689E+00,+486.980E-03
-750.000E-03,+16.859689E+00,+486.980E-03
-742.188E-03,+16.859689E+00,+486.729E-03
-734.375E-03,+16.859689E+00,+486.729E-03
-726.563E-03,+16.859689E+00,+486.980E-03
-718.750E-03,+16.859689E+00,+486.980E-03
-710.938E-03,+16.859689E+00,+486.729E-03
-703.125E-03,+16.859689E+00,+486.729E-03
-695.313E-03,+16.859689E+00,+486.980E-03
-687.500E-03,+16.859689E+00,+486.980E-03
-679.688E-03,+16.859689E+00,+486.980E-03
-671.875E-03,+16.859689E+00,+486.729E-03
-664.063E-03,+16.859689E+00,+486.729E-03
-656.250E-03,+16.859689E+00,+486.729E-03
-648.438E-03,+16.859689E+00,+486.980E-03
-640.625E-03,+16.859689E+00,+486.729E-03
-632.813E-03,+16.859689E+00,+486.729E-03
-625.000E-03,+16.859689E+00,+486.980E-03
-617.188E-03,+16.859689E+00,+486.729E-03
-609.375E-03,+16.859689E+00,+486.980E-03
-601.563E-03,+16.859689E+00,+486.980E-03
-593.750E-03,+16.859689E+00,+486.980E-03
-585.938E-03,+16.859689E+00,+486.980E-03
-578.125E-03,+16.859689E+00,+486.980E-03
-570.313E-03,+16.859689E+00,+486.729E-03
-562.500E-03,+16.859689E+00,+486.980E-03
-554.688E-03,+16.859689E+00,+486.980E-03
-546.875E-03,+16.859689E+00,+486.980E-03
-539.063E-03,+16.859689E+00,+486.980E-03
-531.250E-03,+16.859689E+00,+486.729E-03
-523.438E-03,+16.859689E+00,+486.729E-03
-515.625E-03,+16.859689E+00,+486.980E-03
-507.813E-03,+16.859689E+00,+486.980E-03
-500.000E-03,+16.859689E+00,+486.980E-03
-492.188E-03,+16.859689E+00,+486.729E-03
-484.375E-03,+16.859689E+00,+486.729E-03
-476.563E-03,+16.859689E+00,+486.729E-03
-468.750E-03,+16.859689E+00,+486.729E-03
-460.938E-03,+16.859689E+00,+486.729E-03
-453.125E-03,+16.859689E+00,+486.729E-03
-445.313E-03,+16.859689E+00,+486.729E-03
-437.500E-03,+16.859689E+00,+486.729E-03
-429.688E-03,+16.859689E+00,+486.729E-03
-421.875E-03,+16.859689E+00,+486.729E-03
-414.063E-03,+16.859689E+00,+486.729E-03
-406.250E-03,+16.859689E+00,+486.729E-03
-398.438E-03,+16.859689E+00,+486.980E-03
-390.625E-03,+16.859689E+00,+486.729E-03
-382.813E-03,+16.859689E+00,+486.980E-03
-375.000E-03,+16.859689E+00,+486.980E-03
-367.188E-03,+16.859689E+00,+486.980E-03
-359.375E-03,+16.859689E+00,+486.980E-03
-351.563E-03,+16.859689E+00,+486.980E-03
-343.750E-03,+16.859689E+00,+486.980E-03
-335.938E-03,+16.859689E+00,+486.729E-03
-328.125E-03,+16.859689E+00,+486.980E-03
-320.313E-03,+16.859689E+00,+486.729E-03
-312.500E-03,+16.859689E+00,+486.729E-03
-304.688E-03,+16.859689E+00,+486.980E-03
-296.875E-03,+16.847126E+00,+486.980E-03
-289.063E-03,+16.859689E+00,+486.729E-03
-281.250E-03,+16.859689E+00,+486.729E-03
-273.438E-03,+16.859689E+00,+486.980E-03
-265.625E-03,+16.859689E+00,+486.980E-03
-257.813E-03,+16.859689E+00,+486.980E-03
-250.000E-03,+16.859689E+00,+486.729E-03
-242.188E-03,+16.859689E+00,+486.980E-03
-234.375E-03,+16.859689E+00,+486.980E-03
-226.563E-03,+16.859689E+00,+486.980E-03
-218.750E-03,+16.859689E+00,+486.980E-03
-210.938E-03,+16.859689E+00,+486.729E-03
-203.125E-03,+16.859689E+00,+486.729E-03
-195.313E-03,+16.859689E+00,+486.980E-03
-187.500E-03,+16.859689E+00,+486.980E-03
-179.688E-03,+16.859689E+00,+486.980E-03
-171.875E-03,+16.859689E+00,+486.729E-03
-164.063E-03,+16.859689E+00,+486.980E-03
-156.250E-03,+16.859689E+00,+486.980E-03
-148.438E-03,+16.859689E+00,+486.980E-03
-140.625E-03,+16.859689E+00,+486.980E-03
-132.813E-03,+16.859689E+00,+486.980E-03
-125.000E-03,+16.859689E+00,+486.980E-03
-117.188E-03,+16.859689E+00,+486.980E-03
-109.375E-03,+16.859689E+00,+486.980E-03
-101.563E-03,+16.859689E+00,+486.980E-03
-93.750E-03,+16.859689E+00,+486.980E-03
-85.938E-03,+16.859689E+00,+486.980E-03
-78.125E-03,+16.859689E+00,+486.980E-03
-70.313E-03,+16.859689E+00,+486.729E-03
-62.500E-03,+16.859689E+00,+486.980E-03
-54.688E-03,+16.859689E+00,+486.980E-03
-46.875E-03,+16.859689E+00,+486.980E-03
-39.063E-03,+16.859689E+00,+486.980E-03
-31.250E-03,+16.859689E+00,+486.729E-03
-23.438E-03,+16.859689E+00,+486.729E-03
-15.625E-03,+16.859689E+00,+486.980E-03
-7.813E-03,+16.859689E+00,+486.980E-03
